questionid,author,question,options,answer,concept
12090101,蔡聿晽,在皮亞傑提出的認知發展階段論裡，兒童思考具可逆性，有遞移的能力。請問他處於何種階段？,"1.前運思期,    2.具體運思期,    3.形式運思期,    4.形體運思期,    ",2,具體運思期
12090102,蔡聿晽,媽媽正在教泡泡跟哥哥做蛋糕，因為要攪拌的麵糊很多，於是媽媽各拿了一個寬且淺的碗給泡泡、一個一樣容量但開口較窄容量較深的碗給哥哥，請他們幫忙攪拌，但這時泡泡卻鬧彆扭說著不公平為什麼給哥哥的比較多。請問，泡泡現在是處於認知發展階段論的哪一階段？又是因為什麼原因這樣覺得？,"1.形式運思期，專注單一現象,    2.前運思期，專注單一現象,    3.形式運思期，思考不可逆,    4.前運思期，思考不可逆,    ",2,前運思期、專注現象
12090103,蔡聿晽,肯尼跟爸爸去動物園，看到鴨子時肯尼興奮的跟爸爸說：爸爸你看是鴨子！後來走到湖邊，肯尼又跟爸爸說：爸爸你看是鴨子！於是爸爸便解釋說：肯尼，那不是鴨子是天鵝哦～你看他有漂亮的白色羽毛，游泳的姿勢也很優雅吧！在爸爸跟肯尼解釋之後，肯尼就變得會分辨鴨子跟天鵝的不同了。請問，肯尼經歷了什麼樣的心境變化呢？,"1.調節,    2.適應,    3.同化,    4.調適,    ",4,同化、調適
12090104,蔡聿晽,媽媽在跟花花玩，媽媽突然躲到椅子底下，花花便大哭起來以為媽媽消失了。請問，花花目前處於認知發展階段論的什麼階段？,"1.形式運思期,    2.具體運思期,    3.前運思期,    4.感覺動作期,    ",4,物體恆存、感覺動作期
12090105,蔡聿晽,小桃處於認知發展階段論的前運思期，請問有哪些是她能做到的？,"1.將筷子依長到短排列好,    2.會1+1=2但不會2-1=1,    3.抽象思考發生的事情,    4.可以推斷A>B，B>C所以A>C,    ",2,前運思期、序列化、遞移、不可逆
12090201,蔡聿晽,美術老師在課堂上一個步驟一個步驟示範怎麼用黏土做出可愛的青蛙，在每個步驟示範完後都讓大家練習。請問老師現在正在執行學生觀察學習的哪個部分？,"1.注意,    2.動機,    3.保留,    4.再生,    ",3,保留、再生
12090202,蔡聿晽,"琳琳最近接了一個家教草仔粿弟弟，她想在開始教學之前先瞭解草仔粿的學習及課堂理解狀況，於是想出一份有關社會學習理論裡「後設認知」的問卷給他。請問，要怎麼樣才能分辨出草仔粿是否具備「後設認知」的能力呢？
A他知道自己在學校上課時的理解程度
B課堂結束之後他能理解所有課堂所學
C課後他會預習下次課堂之內容
D他知道何時採用什麼樣的策略來解決問題","1.AD,    2.AC,    3.BC,    4.CD,    ",1,後設認知
12090203,蔡聿晽,兔兔看見河童在課堂上表現得很好常常被老師稱讚，考試也都考很高，兔兔覺得自己也要像河童一樣優秀，也想像河童一樣被老師稱讚，於是決定開始努力用功。請問兔兔為什麼這樣呢？,"1.替代學習,    2.楷模學習,    3.觀察學習,    4.後設認知,    ",2,楷模學習
12090204,蔡聿晽,媽媽請興哲教弟弟騎腳踏車，剛開始興哲先帶弟弟騎有輔助輪的腳踏車，弟弟比較熟練之後興哲便讓弟弟騎一般的2輪腳踏車，且先邊扶著邊讓弟弟騎開始，才慢慢鬆手讓弟弟自己騎。請問，興哲是用什麼方法教導弟弟騎腳踏車？,"1.運用近側發展區ZPD的概念教導,    2.運用弟弟基模形成的歷程,    3.運用鷹架架設及拆除的方法教導,    4.運用皮亞傑的認知發展階段論的概念教導,    ",3,鷹架撤除、鷹架構築
12090205,蔡聿晽,園長出了一個任務要給向日葵小班的小朋友們完成，這個任務對他們自己完成來說有點難，所以園長先讓小朋友們分組團隊合作，且在旁觀察大家並適時協助。請問，小朋友們能完成任務嗎？園長又是運用教育心理學的什麼手法讓大家進行任務的？,"1.可以，運用小朋友的近側發展區間,    2.可以，運用團隊楷模學習的概念,    3.不能，小朋友的自我調整學習還不夠成熟,    4.不能，小朋友楷模學習的觀念不足,    ",0,題意需要再更清楚些
12090301,蔡聿晽,老師使用好寶寶貼紙當作獎勵，用貼紙可以兌換老師準備的小禮物。請問，老師使用的是何種增強物？,"1.社會增強物,    2.活動增強物,    3.代幣增強物,    4.內在增強物,    ",3,代幣增強物
12090302,蔡聿晽,媽媽告訴嚕嚕咪，「如果你在7點以前認真寫完作業，爸爸就帶你去吃大餐」，「如果超過9點還沒完成的話，就沒收阿嬤今天給你的點心」請問引號中媽媽各是用什麼方法來讓嚕嚕咪好好寫作業？,"1.次級增強物 / 負增強,    2.原級增強物 / 撤離型懲罰,    3.內在增強物 / 撤離型懲罰,    4.正增強 / 呈現型懲罰,    ",0,
12090303,蔡聿晽,下列何者為「普力馬原則」的解釋？,"1.是一種制約反應,    2.一種正增強的概念。例如跟小孩說：如果你今天自己洗自己的襪子，明天就給你一塊餅乾吃。,    3.又稱為「老祖母法則」，是一種負增強的概念。例如跟小孩說：如果你乖乖寫作業，今天就可以不用洗碗。,    4.是一種外在增強物,    ",0,
12090304,蔡聿晽,小精靈班的同學們到海生館參觀，老師帶他們到表演館看海獅與訓練員的表演，當訓練員一舉手海獅便會開始唱歌，大家都覺得很神奇，因為不是訓練員舉手而是換成主持人的話海獅就不會唱歌。後來姆嚕發現，每當海獅做完一個動作訓練員就給他一條魚獎勵他，請問訓練員是用何種方法訓練海豚一看到舉手就唱歌呢？,"1.內在增強,    2.普力馬原則,    3.操作制約,    4.古典制約,    ",3,古典制約、操作制約
12090305,蔡聿晽,老師跟大家說：「如果你們按時交作業，我就會每次交完作業就隨機抽20個人送小禮物。如果沒有按時交或沒交的話，就錯失機會囉！」於是班上的大家為了得到小禮物所以每次都有按時交作業，久而久之認真寫完作業並且按時交就成了大家的習慣了。請問，老師使用的是何種增強機制呢？,"1.固定比例,    2.不定比例,    3.固定時距,    4.不定時距,    ",0,
12090401,蔡聿晽,在學習時，比起看全部都是文字的書，有畫面、有聲音的教學影片更能幫助人記憶及理解。請問這個學習方法驗證了什麼說法或理論？,"1.感官記憶,    2.雙碼理論,    3.自動化,    4.程序性記憶,    ",2,雙碼理論
12090402,蔡聿晽,小天鵝上禮拜跟我說他改名了，從小天鵝改成老天鵝。隔了一天跟他打招呼時我卻又叫他小天鵝，當然突然要換名字叫的確會適應不過來，但隔了好幾年到現在，叫他的時候我還是會不小心先叫成小天鵝，而且腦中也會一直出現「小天鵝」而不是「老天鵝」。請問，這種常見的狀況是屬於？,"1.順攝助長,    2.順攝抑制,    3.倒攝助長,    4.倒攝抑制,    ",2,順設助長、順設抑制、倒攝助長、倒攝抑制 
12090403,蔡聿晽,俊亨小時候很會游泳，大家都叫他小菲爾普斯，但因為讀書的關係很久沒時間訓練游泳了，到高中時久違的到了泳池，他很怕下水卻不會游，但令他意外的是他竟然下水沒多久，身體就自然而然的回想起以前小時候游泳的方法及技巧。請問俊亨為什麼會這樣？,"1.身體提取以前的工作記憶並自動化,    2.身體提取以前的程序性記憶並自動化,    3.身體複誦了以前的感官收錄,    4.身體複誦了以前的肢覺記憶,    ",2,程序性記憶、自動化
12090404,蔡聿晽,倫倫已經有好幾年沒玩跑跑卡丁車了，今天君君約他來pk，本來倫倫想說已經很久沒玩都忘記怎麼玩了而且一定會輸得很慘，可是開始玩不到10分鐘，倫倫開始找回之前的手感，玩得相當好令他非常意外。請問，對倫倫來說，玩跑跑卡丁車的手感是屬於何種記憶？,"1.感官記憶,    2.短期記憶,    3.遊戲記憶,    4.程序性記憶,    ",4,程序性記憶
12090405,蔡聿晽,每次背英文單字，背了100個，考試時答對較多的都是最後背的十幾個單字，前面最開始背或中間的單字總是會忘記或拼錯。我們可以說這是什麼效應？,"1.新近效應,    2.自動化效應,    3.精緻化效應,    4.初始效應,    ",1,新近效應、初始效應
12820101,劉亭妤,伊恩看到燒開水時壺嘴開始冒出水蒸氣，就跟媽媽說水壺冒煙了，經過解釋後才知道是水蒸氣不是煙。請問上列敘述是屬於哪一種現象？,"1.基模,    2.同化,    3.調適,    4.發展,    ",3,同化、調適
12820102,劉亭妤,請問下列哪一個選項中所敘述的小朋友正處於具體運思期的狀態？,"1.安安看到媽媽奶嘴放在背後，之後又拿出來時會覺得媽媽是在變魔術。,    2.妮妮在玩剪刀石頭布的時候會先思考一下對方有可能出什麼後，再決定要出哪一個。,    3.媽媽拿了一片披薩給恩恩後幫他把披薩切成三塊，恩恩看到後就很開心得說披薩變多了。,    4.爸爸給天天三個不同大小的球，天天可以按照順序把球由大到小排列出來。,    ",4,物體恆存、假設推理、守恆、序列化、具體運思期
12820103,劉亭妤,下列哪一個選項敘述不是具體運思期會有的表現？,"1.小明最近剛學會算數，哥哥問2+3等於多少他可以正確回答5，他也知道5-2=3。,    2.當老師要同學們觀察天上的白雲時，小光會覺得所有人看到的雲都一樣。,    3.媽媽要求小白整理玩具，過了一段時間後小白就整理好了，而且還按照大小排整齊。,    4.爸爸告訴小童西瓜比鳳梨大，鳳梨比蘋果大，小童可以知道西瓜比蘋果大。,    ",2,可逆、自我中心、序列化、遞移、具體運思期
12820104,劉亭妤,小春跟家人一起去玩，路上看到冰淇淋的攤販便吵著要吃，後來爸爸買了給她跟姐姐各買兩球，姐姐的是用餅乾筒裝的，爸爸怕小春用髒所以給他用兩個小杯子裝起來，小春就覺得爸爸對她真好給他比較多。請由上列敘述來判斷一下，小春現在正處於哪一個階段？,"1.前運思期,    2.具體運思期,    3.形式運思期,    4.具體運思期,    ",0,有可能真的不一樣大
12820105,劉亭妤,A：具體運思期，B：感覺動作期，C：形式運思期，D：前運思期，上列所敘述的是皮亞傑認知發展四個階段，通常兒童在成長的過程中都會經歷過這四個時期。請按照兒童在這四個階段的年齡由大至小做排列。,"1.CDAB,    2.BDAC,    3.CADB,    4.BADC,    ",2,發展階段論
12820201,劉亭妤,老師在上課時要求同學們要以小組的方式完成作業，雖然在過程中有遇到一些問題，但在[經過老師的協助下仍順利完成]。請問括號內的行為是運用到哪個概念?,"1.鷹架架設,    2.合作學習,    3.近側發展區,    4.鷹架撤除,    ",1,鷹架構築
12820202,劉亭妤,小華在補習班當助教，每次上課都要幫學生改考卷，並統整每題答錯的人數與答錯時選的選項為何，在下次上課時給整理給老師，讓他[能夠於上課時針對誤答率較高的題目與選項做講解，減少同學下次遇到類似問題時答錯的機率]。請問括號內的敘述符合下列哪一種理論?,"1.楷模學習,    2.替代學習,    3.觀察學習,    4.自我調整,    ",0,題意需要再更清楚些
12820203,劉亭妤,甄梧寮很不喜歡上國文課，每次上課時都沒有認真上課，老師為了改善他這樣的行為，決定在上課時播些相關的小短片。請問老師這樣的行為屬於觀察學習的哪個階段?,"1.注意,    2.保留,    3.再生,    4.動機,    ",0,題意需要再更清楚些
12820204,劉亭妤,子曰：「見賢思齊焉，見不賢而內自省也。」這句話出自《論語》的里仁篇，意思為見到賢能的人，就應該主動向他學習、看齊；見到不賢能的人，就應該自我反省有沒有與他相類似的錯誤，以其為鑒，避免重蹈覆轍。請問上述並沒有提到哪一個理論?,"1.楷模學習,    2.替代學習,    3.觀察學習,    4.合作學習,    ",4,替代學習、楷模學習、觀察學習
12820205,劉亭妤,語潔剛開始教妹妹騎腳踏車時會在後面扶著以防她跌到，之後慢慢得放開手，等到有點不穩得時候再去扶腳踏車，到最後妹妹不需要扶著就能夠自行騎車了。請問上述運用到下列哪一個理論?,"1.合作學習,    2.近側發展區,    3.鷹架理論,    4.楷模學習,    ",3,鷹架
12820301,劉亭妤,在Skinner Box中，狗狗從原本聽到鈴聲沒反應，變成[一聽到鈴聲就會自動分泌口水]。請問括號內的敘述中，鈴聲所扮演的角色為何?,"1.制約反應,    2.操作制約,    3.中性刺激,    4.制約刺激,    ",0,
12820302,劉亭妤,小安很容易分心，每次寫作業都要寫很久，媽媽想要他改掉這個壞習慣，所以跟小安約定，只要他可以在晚上6點前寫完做業，吃完晚餐後就可以不用洗碗。請問上述符合下列哪一項行為主義的理論?,"1.正增強,    2.負增強,    3.呈現型懲罰,    4.撤離型懲罰,    ",2,正增強、負增強
12820303,劉亭妤,自從媽媽跟小安做了在6點前寫完功課就不用洗碗的約定後，小安寫功課的速度變快了，可是媽媽發現他的字變得比較潦草，而且作業有比較多錯誤的地方。[於是媽媽又再跟小安做了一個約定，如果在6點前寫完作業，經過媽媽檢查後沒問題的話，那他就可以去玩半個小時的電腦。]請問括弧內的敘述是行為主義的哪一項理論?,"1.正增強,    2.負增強,    3.呈現型懲罰,    4.撤離型懲罰,    ",1,正增強、負增強
12820304,劉亭妤,老師要求搬上的小朋友們每週都要背唐詩，一個禮拜背完2首的同學就可以得到一個印章；背完4首的就可以得到兩個印章，只要集滿10個印章就可以抵罰寫一次。請問上述符合哪兩種行為主義的原則?,"1.固定時距；撤離型懲罰,    2.固定時距；負增強,    3.固定比例；負增強,    4.固定比例；撤離型懲罰,    ",3,固定比例、固定時距、正增強、負增強
12820305,劉亭妤,星語非常挑食，每次吃飯的時候常常剩一堆飯菜，爸爸告訴星語食物很珍貴不可以浪費，並規定只要有剩下的話晚上就不能看電視。姐姐告訴她，可以像她一樣先把不喜歡的東西吃掉，再吃自己喜歡的，這樣就會全部吃完了。請問上述爸爸跟姐姐分別用了行為主義的哪個原則?,"1.爸爸:呈現型懲罰；姐姐:負增強,    2.爸爸:撤離型懲罰；姐姐:普力馬原則,    3.爸爸:普力馬原則；姐姐:撤離型懲罰,    4.爸爸:撤離型懲罰；姐姐:負增強,    ",2,普力馬原則、負增強、撤離型懲罰、呈現型懲罰
12820401,劉亭妤,苡蒨最近在背出師表，她發現自己開頭的地方背得很熟，可是到了中間就會忘記一兩個字或是少背一句。這樣的行為跟哪種理論有關？,"1.新近效應,    2.初始效應,    3.自動化,    4.語意記憶,    ",2,新近效應、初始效應
12820402,劉亭妤,通常我們在學習日語或韓語的時候會因為文法結構的不同而感到困擾，中文說：我 吃 飯，文法結構為：主詞-動詞-受詞；日文跟韓文說：我 飯 吃，文法結構為：主詞-受詞-動詞。可是當我們《學完其中一種語言後再去學習另外一種會變得比較容易一點》，上述括號內容是因為下列哪個理論所造成的？,"1.倒攝助長,    2.順攝助長,    3.順攝抑制,    4.倒攝抑制,    ",2,倒攝抑制、順攝抑制、倒攝助長、順攝助長
12820403,劉亭妤,棠棠習慣將考試內容整理成一本筆記並在考前反覆閱讀，寫考卷時看到題目就會想起來是在筆記中的哪一部分出現過。請問棠棠所運用的學習方式屬於哪一種？,"1.心像化,    2.字鉤法,    3.關鍵字法,    4.位置法,    ",1,認知策略
12820404,劉亭妤,寧寧小學時很喜歡溜直排輪，每個週末都會去附近的公園溜，上國中後因為課業繁忙就沒有再溜了，直到大學暑假朋友邀請她去溜直排輪才又再次接觸。剛開始有點生疏，過了一段時間後就像之前一樣溜得很好了，完全不像是很久沒碰的人。請問溜直排輪屬於哪種記憶呢？,"1.程序性記憶,    2.語意記憶,    3.情節記憶,    4.短期記憶,    ",1,情節記憶、語意記憶、程序性記憶
12820405,劉亭妤,萳萳為了讓同學們加深對課程內容的印象，每堂課都會找幾部影片來播放，考試時與影片內容有關的題目答對率也比較高。請問這是屬於下列哪種理論？,"1.處理層次論,    2.情節記憶,    3.雙碼理論,    4.程序性記憶,    ",3,雙碼理論
14490101,張儷庭,小狼從小聰明好學，在他學會加法後便想自學減法，但是他雖然看得懂5+1=6，卻一直無法正確回推6-1=5，這讓他非常沮喪，請問這是因為小狼處在認知發展中的哪個階段？,"1.感覺動作期,    2.具體運思期,    3.形式運思期,    4.前運思期,    ",4,可逆、前運思期
14490102,張儷庭,"請依照給的提示排列出以下小朋友的年紀：
(甲)桌上有一顆西瓜，媽媽用蓋子蓋住後，小智以為西瓜不見了
(乙)皮卡丘能夠由小排到大
(丙)小剛能夠有系統性的解決問題
(丁)小遙能夠做加法無法做減法","1.(乙)(甲)(丙)(丁),    2.(甲)(乙)(丁)(丙),    3.(甲)(丁)(乙)(丙),    4.(丙)(丁)(甲)(乙),    ",3,物體恆存、序列化、不可逆、問題解決、感覺動作期、前運思期、具體運思期、形式運思期
14490103,張儷庭,小櫻的媽媽有幫小櫻撰寫成長紀錄，在回味時發現小櫻在不同時期有不同的行為發生，(A)她看到球被布蓋起來會以為球不見了；(B)認為自己看到的就是別人看到的情景；(C)開始會排列順序和加減法；(D)能進行抽象思考。根據皮亞傑理論，排列出正確順序。,"1.感覺動作期、前運思期、具體運思期、形式運思期,    2.感覺動作期、具體運思期、前運思期、形式運思期,    3.形式運思期、具體運思期、前運思期、感覺動作期,    4.前運思期、具體運思期、感覺動作期、形式運思期,    ",1,物體恆存、自我中心、序列化、不可逆、抽象思考、感覺動作期、前運思期、具體運思期、形式運思期
14490104,張儷庭,袁湘琴和江直樹育有一女-江琴美。琴美在10歲時雖然有邏輯思考的概念，卻無法抽象思考；琴美在12歲時，不但能抽象思考還能解決問題。對於這個現象，湘琴感到好奇，請問琴美為什麼會有這樣的轉變？,"1.從形式運思期邁入感覺動作期,    2.從感覺動作期邁入具體運思期,    3.從具體運思期邁入形式運思期,    4.從前運思期邁入具體運思期,    ",3,具體運思期、形式運思期、抽象思考
14490105,張儷庭,下列為認知發展論個階段的特徵，請問何者屬於前運思期？,"1.自我中心,    2.序列化,    3.抽象思考,    4.物體恆存,    ",0,前運思期會具有物體恆存以及自我中心
14490201,張儷庭,小櫻最近在學習彈鋼琴，一開始，鋼琴老師會從旁告訴她琴譜該注意的地方、節拍及強弱音如何呈現。請問這是屬於鷹架理論的哪一個觀念？,"1.鷹架架設,    2.合作學習,    3.認知見習,    4.鷹架撤除,    ",1,鷹架構築、鷹架撤除
14490202,張儷庭,鋼琴老師為了讓小櫻更熟悉曲子，讓小櫻回家好好練習曲子，下次上課驗收。請問這是屬於觀察學習的哪個階段？,"1.注意,    2.保留,    3.再生,    4.動機,    ",3,保留、再生
14490203,張儷庭,為了被老師稱讚，小櫻在驗收時不留餘力的將練習成果展現出來。請問這是屬於觀察學習的哪一個階段？,"1.注意,    2.保留,    3.再生,    4.動機,    ",4,再生、動機
14490204,張儷庭,小櫻最近在學習彈鋼琴，一開始，鋼琴老師會從旁告訴她琴譜該注意的地方、節拍及強弱音如何呈現。當鋼琴老師教學完畢後，她便不再做提醒，讓小櫻自己能夠完整彈奏出曲子。請問這是屬於鷹架理念的哪個觀念？,"1.鷹架架設,    2.合作學習,    3.認知見習,    4.鷹架撤除,    ",0,14都有
14490205,張儷庭,每個人在每階段的學習程度不同，因此老師在教學上要考量整體學生們能不能達成老師設置的最終目標，請問這是出自鷹架理論的哪個概念？,"1.合作學習,    2.近側發展區,    3.鷹架架設,    4.鷹架撤除,    ",2,近側發展區
14490301,張儷庭,"(a)小楓的媽媽告訴小楓如果她考試得滿分就送她禮物
(b)亞西吉很討厭做家事，於是日高安純告訴亞西吉如果不想做家事就要幫她追到結木攝
(c)松竹因為考試考不好而受到父母挨罵
(d)結木攝因為做錯事而被媽媽禁足
以下敘述何者正確？","1.(a)是呈現型懲罰,    2.(b)是正增強,    3.(c)是負增強,    4.(d)是撤離型懲罰,    ",4,正增強、負增強、撤離型懲罰、呈現型懲罰
14490302,張儷庭,"(甲)姆路成績優異，父母給予讚美
(乙)莉露姆剛學會彈一首曲子，引起咪路注意且拍手讚好
(丙)咪路因為幫忙做家事所以可以去夏令營
(丁)帕比因為比賽得冠所以父母給予獎金獎勵
以下何者「錯誤」？","1.(甲)為原級增強物,    2.(乙)為社會增強物,    3.(丙)為活動增強物,    4.(丁)為代幣增強物,    ",0,超過一個答案
14490303,張儷庭,以下敘述何者「錯誤」？,"1.利用愉快和不愉快的後果來改變行為稱為操作制約,    2.媽媽要求小新要做完功課才可以看電視，這是屬於普利馬原則,    3.小渚因為考試考滿分，所以老師當著全班面前表揚她。這屬於正增強。,    4.要建立新行為時，最初對正確反應的增強應該是不頻繁且是可預測的的,    ",0,超過一個答案
14490304,張儷庭,明鈴喜歡寫小說，看過明鈴作品的同學都會讚美她寫得很棒，明鈴經由不斷努力提升自己的文筆技巧，最後終於成功出版她第一本小說，獲得很多青少年讀者的青睞，讓明鈴覺得努力是有成果的，請問下列何者正確？,"1.敘述中有包含原級增強物,    2.喜歡寫小說為內在增強物,    3.給予讚美為活動增強物,    4.給予讚美為先行物,    ",2,原級增強物、次級增強物、內在增強物
14490305,張儷庭,國文老師為了推廣讀詩活動於是訂出：「每一周有背5首詩的同學可得一個小禮物」這個活動持續了一年。請問這種獎勵方式採用行為主義學習理論的哪兩種方法？,"1.固定比例；固定時距,    2.固定比例；不固定時距,    3.不固定比例；固定時距,    4.不固定比例；不固定時距,    ",0,
14490401,張儷庭,露露在學完乘法後覺得自己可以多學除法，於是請媽媽教她除法的使用，但是不管媽媽教她再多遍，她一直被先前的乘法干擾，導致無法學會除法。請問露露在學除法時遇到的狀況是屬於認知心理學裡的哪個理論？,"1.倒攝抑制,    2.順攝抑制,    3.倒攝助長,    4.順攝助長,    ",2,倒攝抑制、順攝抑制、倒攝助長、順攝助長 
14490402,張儷庭,小海在學習騎腳踏車，從一開始的跌跌撞撞到現在能騎去任何地方，即使不需要特別思考，也能做出正確的反應。上述情形可以用哪一個心理學概念來解釋？,"1.基模修正,    2.工作記憶,    3.自動化,    4.雙碼理論,    ",3,自動化
14490403,張儷庭,今天是教育心理學的期中考，音音在寫完全部題目後只留下一題空著，這題題目寫著「有一理論認為，保留在長期記憶內的訊息有兩種形式-視覺和語文，兩者同時進行以增進學習效益」，請問正確答案是什麼？,"1.雙碼理論,    2.訊息處理理論,    3.chunking,    4.處理層次理論,    ",1,雙碼理論
14490404,張儷庭,今天是精靈王國運動會，小楓參加趣味競賽，其中一關是要從下列4個選項中，選擇正確的答案，選擇正確才能進入下一關，請幫小楓選擇正確答案。,"1.學習教人的方法可以有助於該方面知識的認知了解，稱為倒攝助長。,    2.當舊的概念會影響到新的概念時，此時會產生倒攝抑制困擾。,    3.教學影片同時出現老師講解的聲音和字幕，是運用到雙碼理論幫助學習者記憶。,    4.當老師在同一時間教導兩個相似觀念時，會讓學生產生順攝助長，幫助學習。,    ",3,倒攝抑制、順攝抑制、倒攝助長、順攝助長 、雙碼理論
14490405,張儷庭,娜娜在3歲時曾經在街上迷路而回不了家，最後是好心的警察伯伯帶她回警察局，最後她才被媽媽帶回家，這段迷路的過程她一直牢記在心裡。娜娜很好奇小時後發生的事情她為何記得那麼清楚，請問這可以用心理學的哪個概念解釋。,"1.語意記憶,    2.程序性記憶,    3.閃光燈記憶,    4.情節記憶,    ",3,閃光燈記憶
1020101,江雅婷,"小新在拿到任何東西，就喜歡敲打它。
小華知道3+1=4，但卻不知4-1=？
當蘋果被布蓋住時，小花就覺得蘋果不見了。
小美將球衣依號碼由小排到大。
下列主角經歷的過程與相對應的時期配對何者是正確的選項？","1.小新-感覺動作期/小華-具體運思期/小花-前運斯期/小美-形式運思期,    2.小新-感覺動作期/小華-前運思期/小花-感覺動作期/小美-具體運思期,    3.小新-感覺動作期/小華-具體運思期/小花-感覺動作期/小美-前運思期,    4.小新-感覺動作期/小華-前運思期/小花-感覺動作期/小美-前運思期,    ",2,感覺動作期、前運思期、具體運思期、形式運思期、可逆、物體恆存、序列化
1020102,江雅婷,白白是個英文很好的學生，不管是單字、文法、閱讀文章都難不倒他。老師見狀後，決定要更進階的教他一些和有關英文的諺語，但不管老師怎麼教白白就是聽不懂。請問白白正處於皮亞傑的認知發展階段論中的哪一階段？,"1.感覺動作期  ,    2.前運思期,    3.具體運思期,    4.形式運思期,    ",4,形式運思期、抽象思考
1020103,江雅婷,教室裡有四個學生:樂樂喜歡玩推理遊戲，並常常會模擬可行的解決方法；丸丸喜歡唱歌，每次都唱得非常大聲，而沒有注意到是否會打擾到旁邊的人；威廉總是在拿到玩具，就往嘴裡塞；美美喜歡玩俄羅斯娃娃，將娃娃由小到大依序套回。請你根據上列的描述由小到大排出他們的年紀。,"1.威廉<美美<丸丸<樂樂,    2.丸丸<威廉<美美<樂樂,    3.威廉<丸丸<樂樂<美美,    4.威廉<丸丸<美美<樂樂,    ",4,序列化、問題解決、自我中心、感覺動作期、前運思期、具體運思期、形式運思期
1020104,江雅婷,丁丁在學完魚類相關知識後，校外教學參觀水族館時，丁丁指著水族箱內的鯊魚，開心得說那是魚(a)，後來當丁丁看到海豚時他也說那是魚，老師糾正他說：「海豚不是魚類，而是哺乳類。」從此丁丁就知道海豚不是魚(b)。問丁丁會有這樣的行為，是因為他正經歷何種認知歷程?,"1.同化、調適,    2.同化、同化,    3.調適、同化,    4.調適、調適,    ",1,同化、調適
1020105,江雅婷, 在晶晶6歲時，大小相同的蘋果，一顆切成4片，一顆切成6片，晶晶總認為後項切成6片蘋果一定比較大，不管大大怎麼和他解釋，他始終無法理解為什麼兩個蘋果是一樣大的。到了晶晶7歲時，他突然了解到大小相同的蘋果不管它是被切成幾片，蘋果的大小還是一樣的不會改變。請由皮亞傑的發展階段論來解釋晶晶為什麼會有這樣的轉變？,"1.從具體運思期進入前運思期,    2.從前運思期進入形式運思期,    3.從具體運思期進入形式運思期,    4.從前運思期進入具體運思期,    ",4,守恆、前運思期、具體運思
1020201,江雅婷,皮皮在學習走路時，剛開始媽媽會牽著他慢慢地練習，而後媽媽會漸漸鬆手讓皮皮練習自己站立和走路。請問上述的部分是運用哪一個概念？,"1.鷹架構築,    2.自我調整,    3.合作學習,    4.認知見習,    ",1,鷹架
1020202,江雅婷,玲玲因為參加作文比賽獲得了優勝，所以老師當著全班的面表揚她。冬冬則因為在教室玩球不小心打破窗戶，所以就被老師叫到走廊罰站。之後班上的同學就知道可以(A)要多向玲玲學習，也知道(B)不能像冬冬一樣打破窗戶，請問(A)(B)分別代表社會學習理論的何種概念?,"1.替代學習、楷模學習  ,    2.替代學習、替代學習,    3.楷模學習、替代學習 ,    4.楷模學習、楷模學習,    ",3,替代學習、楷模學習
1020203,江雅婷,莉莉在學習摺紙時，老師會先示範一次給她看後，接著開始一步步的教她，莉莉經由不斷的練習，「最後在沒有老師的協助下，也能獨自摺出一隻漂亮的紙鶴」。請問莉莉在「」內的行為，符合觀察學習中的哪一個階段?,"1.注意   ,    2.再生,    3.動機,    4.保留,    ",2,保留、再生
1020204,江雅婷,教室裡有四個學生：花花目不轉睛地看著老師示範的花式調酒；丁丁因為想得到獎金而正在尋找花式調酒的相關比賽參加；曉風站在旁邊跟著老師的示範再次練習著調酒相關的技巧；大大在學習後經不斷的練習，現在即使沒有老師在旁協助下他，他也能獨自做出各種花式調酒的技巧。請你根據上列的描述選出他們各處於哪一階段？,"1.花花:注意/丁丁:動機/曉風:再生/大大:保留,    2.花花:注意/丁丁:再生/曉風:保留/大大:動機,    3.花花:動機/丁丁:再生/曉風:注意/大大:保留,    4.花花:注意/丁丁:動機/曉風:保留/大大:再生,    ",4,注意、保留、再生、動機
1020205,江雅婷,上英文句型課時，老師會先(a)從頭到尾詳細的教導一次，經由不斷的練習後，(b)老師認為學生應該有能力可以回答課本的習題，所以老師就請同學上台試著練習寫句子，(c)看到老師給予答對的同學表揚，小蘭因為也想被表揚所以努力練習(d)建議改成看到老師處罰答錯的同學，佐佐告訴自己千萬不要被處罰，所以更努力想學會。請問上述的(a) (b) (c) (d)依序是運用到哪些概念？,"1.鷹架架設/鷹架撤除/楷模學習/自我調整,    2.鷹架架設/鷹架架設/楷模學習/替代學習,    3.鷹架架設/鷹架撤除/替代學習/楷模學習,    4.鷹架架設/鷹架撤除/楷模學習/替代學習,    ",0,教導不一定會使用到鷹架的概念
1020301,江雅婷,關於增強和懲罰，何者敘述正確？,"1. 小玉鋼琴比賽得了冠軍，所以校長當著全校的面前頒獎給她。這屬於負增強。,    2. 大雄因為上課遲到，所以就被老師叫到走廊上罰站。這屬於撤離型懲罰。,    3.小丸子因為考了100分，所以媽媽送她一台腳踏車。這屬於正增強。,    4.老師對小新說，如果你現在不乖乖睡午覺，下午就沒有點心吃了。這屬於呈現型懲罰。,    ",3,正增強、負增強、撤離型懲罰、呈現型懲罰
1020302,江雅婷,老師說上課認真的人，可以提早下課，但是上課吵鬧的人，今天放學時間就要留下來。請問以上使用到哪兩種概念？,"1.正增強、撤離型懲罰,    2.負增強、呈現型懲罰,    3.正增強、呈現型懲罰,    4.負增強、撤離型懲罰,    ",1,正增強、負增強、撤離型懲罰、呈現型懲罰
1020303,江雅婷,媽媽為了要讓小愛可以養成練琴的習慣，規定小愛每天只要練完3首曲子，就讓她出門玩一小時。請問上述沒有運用到行為主義的何種概念？,"1.次級增強物 ,    2.固定比例增強 ,    3.內在增強物 ,    4.普利馬原則,    ",0,超過一個答案
1020304,江雅婷,為了要讓學生養成準時交作業，老師想了四個方法，(1)準時交作業的學生，就加分。(2)準時交作業的學生，就可以免當一次值日生。 (3)遲交作業的同學，作業加倍。(4)遲交作業的同學，就扣分。請問上述的四個分法依序是運用到行為主義的何種概念？,"1.(1)負增強/(2)正增強/(3)呈現型懲罰/(4)撤離型懲罰,    2.(1)正增強/(2)負增強/(3)撤離型懲罰 /(4)呈現型懲罰,    3.(1)負增強/(2)正增強/(3)撤離型懲罰/(4)呈現型懲罰,    4.(1)正增強/(2)負增強/(3)呈現型懲罰/(4)撤離型懲罰,    ",4,正增強、負增強、撤離型懲罰、呈現型懲罰
1020305,江雅婷,"小叮噹幫媽媽跑腿買東西，所以媽媽就準備了他最愛的銅鑼燒要給他。
小桃子的表現優異，使她可以免遭淘汰。
大熊考試考了100分，得到媽媽的稱讚覺得很開心。
音符因為在表演試鏡時得到導演的肯定，所以可以不用再進行下一場比賽就直接晉級。
請問上述哪幾個人運用到相同的行為主義增強和懲罰概念？","1.小叮噹/小桃子/音符,    2.小叮噹/小桃子/大熊,    3.小桃子/大熊/音符,    4.小叮噹/小桃子/大熊/音符,    ",0,
1020401,江雅婷,咚咚在學完魚類的相關知識後，校外教學時咚咚指著水族箱內的小丑魚，開心的說那是魚類(a)，後來當咚咚看到鯨魚時，他也說那是魚類，此時老師糾正他說：「那不是魚類，實際上鯨魚是哺乳類才對。」從此以後咚咚就知道鯨魚和魚類是不同的(b)。請問咚咚所經歷的(a)(b)的認知歷程分別是什麼，以及發生在IP模式的哪一部份？,"1.調適/同化/短期記憶,    2.同化/調適/短期記憶,    3.調適/同化/長期記憶,    4.同化/調適/長期記憶,    ",2,同化、調適、短期記憶
1020402,江雅婷,小光老師在教各朝代歷史時，他先以歷史故事來進行講述，接著再讓同學們以小組討論的方式，將各朝代的事件特色進行分類歸納畫出表格，同時小光老師也打算在課堂上撥放相關的影片，藉由聲音和影像更能幫助同學們去理解各朝歷史的真實情況。請問小光老師在上述的課堂中「沒有」運用到以下何種概念？,"1.情節記憶,    2.chunking,    3.精緻化,    4.雙碼理論,    ",3,情節記憶、chunking、精緻化、雙碼理論
1020403,江雅婷,在台灣結婚喜宴要包紅包，葬禮則要包白包，這點對於來自日本的留學生愛子來說感到非常的不解，因為在日本當地不管是什麼場合一律都是使用白包。請問上面的敘述和哪個選項的概念相符合？,"1.順攝助長  ,    2.倒攝助長 ,    3.順攝抑制  ,    4.倒攝抑制,    ",4,順攝助長、倒攝助長、順攝抑制、倒攝抑制
1020404,江雅婷,"教室內有五個學生:
(a)靜香在教大雄數學的過程中，同時也有助於她對該方面知識有更多的理解。
(b)身為客家人的小威在學習如何分辨入聲字時，他可以馬上念出那個字的音和加以做判斷學習。
(c)小杉在學完公民上「權力」的相關概念後，誤以為「權力」就等於「權利」，對先前已學會的「權利」產生錯誤的定義。
(d)小夫是一個來自尼泊爾的留學生，他很不適應台灣的習慣，因為在他的國家那裡點頭代表不同意，與台灣的習慣剛好相反。
請問(a)(b)(c)(d)依序是認知心理學中的何種概念？","1.順攝助長/倒攝助長/順攝抑制/倒攝抑制,    2.順攝助長/倒攝助長/倒攝抑制/順攝抑制,    3.倒攝助長/順攝助長/順攝抑制/倒攝抑制,    4.倒攝助長/順攝助長/倒攝抑制/順攝抑制,    ",0,
1020405,江雅婷,"下列這段敘述中有錯，請幫忙挑出來錯誤並加以訂正。
羽鰈在學習游泳時，她可以藉由不斷的練習使此技能進入(a)短期記憶，並且達到(b)自動化。球球老師在一上課時總會先教此教材最難的部分，這是根據(c)新近效應的概念。說到九月二十一號，幾乎每人馬上都聯想到921大地震，這是因為(d)閃光燈記憶所造成的。請問何者是正確修正的選項？","1.(a)長期記憶/(b)精緻化,    2.(a)長期記憶/(c)初始效應,    3.(a)長期記憶/(d)語意記憶,    4.(c)初始效應/(d)語意記憶,    ",2,長期記憶、初始效應新近效應、短期記憶、新近效應
6890101,黃千芳,「如果放學後不馬上回家，媽媽會很生氣」這一句是一個孩童的思考，是屬於皮亞傑發展理論的哪一個時期？,"1.感覺動作期,    2.前運思期,    3.形式運思期,    4.具體運思期,    ",3,假設、形式運思期
6890102,黃千芳,"請問以下哪個小朋友已經脫離前運思期的階段了?
","1.小熊開始能夠理解廁所外男女生的標示。,    2.阿虎覺得一公斤的鐵會比一公斤的棉花重。,    3.兔兔努力的把硬幣由大到小疊成一堆。,    4.胖鹿看到巧克力在他的右手邊，也以為在別人的右手邊。,    ",3,符號表徵、序列化、自我中心、前運思期、具體運思期
6890103,黃千芳,"有一天爸爸發現「把臉摀住再做鬼臉」的遊戲已經不吸引芬芬了，爸爸一方面欣慰芬芬長大了，一方面也想著還有什麼遊戲能跟芬芬玩。以下哪一個活動最適合也最可能吸引芬芬的呢？
","1.讓芬芬依照大小排列娃娃,    2. 把東西藏起來讓芬芬尋找,    3.教導芬芬關於減法的概念,    4.讓芬芬思考愛是什麼,    ",1,感覺動作期、序列化、物體恆存、可逆、前運思期
6890104,黃千芳,"小恩分不清楚男生女生的符號，因此不敢自己去廁所。哥哥小豪跟他說：""女生就是有穿裙子的""，結果小恩就指著路上穿褲子的女生叫哥哥，媽媽後來糾正小恩。請問小恩現正處於發展連續論的哪一階段，基模發生了什麼變化?","1.小恩在前運思期，基模發生調適,    2.小恩在感覺動作期，基模產生同化,    3.小恩在前運思期，基模產生同化,    4.小恩在感覺動作期，基模發生調適,    ",4,感覺動作期、符號表徵、同化、調適
6890105,黃千芳,"由發展階段論推斷以下四個小孩由小到大的順序為何
丁丁：能從""香蕉比蘋果輕，香蕉比李子重""當中得出蘋果是最重的
迪西：擬出臨時遇到地震，應該怎麼保護自己的方法
小波：正在學習加法，減法讓他感覺混亂
拉拉：將洗好的碗由大到小堆疊","1.小波<丁丁<拉拉<迪西,    2.小波<拉拉<丁丁<迪西,    3.小波<拉拉=丁丁<迪西,    4.小波=拉拉<丁丁=迪西,    ",3,遞移、問題解決、不可逆、序列化、前運思期、具體運思期、形式運思期
6890201,黃千芳,"陳老師說準時到教室的同學可以加分，請問加分是屬於哪一種增強物？
","1.社會增強物,    2.活動增強物,    3.代幣增強物,    4.成績增強物,    ",3,社會增強物、活動增強物、代幣增強物
6890202,黃千芳,"玲玲看著舞蹈老師的動作，在心中默默的試著演練出一樣的姿勢。請問玲玲正在
請問根據以上的敘述玲玲屬於班度拉觀察學習中的哪一個階段？","1.注意,    2.保留,    3.再生,    4.動機,    ",2,保留、再生
6890203,黃千芳,"菓菓覺得數學解題的過程很有趣。雖然考試的成績不盡理想，但他還是努力不倦的持續練習。
請問菓菓的行為最受到什麼增強物的影響？
","1.內在增強物,    2.外在增強物,    3.原級增強物,    4.次級增強物,    ",1,內在增強、外在增強
6890204,黃千芳,媽媽對小江說：「沒寫完作業就不可以出去玩」，小江心裡想：「寫完就可以出去玩了」。請問「沒寫完作業」的行為會有什麼後果，小江的心理是什麼應用？,"1.負增強；普力馬原則,    2.撤離型懲罰；普力馬原則,    3.撤離型懲罰；正增強,    4.負增強；正增強,    ",3,正增強、負增強、撤離型懲罰
6890205,黃千芳,風間和小新是同班的好朋友。風間總是按時交作業，而小新總是不做作業。老師為了想鼓勵小新做作業，預想了一個解決的方案：當風間交作業的時候就給他巧克力球吃，讓小新看了心生羨慕，就會好好做功課了。請問這個方案可行嗎？,"1.可以，這樣小新跟風間都會越做越好,    2.可以，有做事就有獎勵能幫助成長,    3.不能，這樣對小新可能造成不好的影響,    4.不能，這樣對風間可能造成不好的影響,    ",4,楷模學習
6890301,黃千芳,小花準備餵家貓時，總會習慣先搖兩下再倒出飼料。後來她發現當她在搖的時候，貓咪就會飛奔而來。請問這種現象可以用誰的理論來解釋?,"1.巴夫洛夫,    2.史肯納,    3.皮亞傑,    4.班度拉,    ",1,古典制約、操作制約
6890302,黃千芳,榮榮總獨自一人在圖書館苦讀，愛慕他的欣欣因此也會跑去圖書館，默默的和他一起讀書。請問這種學習行為可以怎麼解釋？,"1.替代學習,    2.自我調整,    3.楷模學習,    4.觀察學習,    ",0,
6890303,黃千芳,樂樂有一個音樂盒，當她把蓋子打開時就會有美妙的音樂聲流出。後來音樂盒好像故障了，樂樂緊張的一直開開關關，卻還是沒有幫助。請問樂樂的行為稱為什麼？,"1.塑造行為,    2.消弱陡增,    3.維持行為,    4.反應代價,    ",2,題目語意需要再強化
6890304,黃千芳,學校辦了一場校內演講比賽，獲勝的同學可以代表學校出外比賽，並且得到獎狀跟獎品。阿和原本的實力可以是這一屆的冠軍，但是他對代表學校出征或是獎狀獎品都沒有興趣，只是想證明自己的實力，因此故意放水，得到第二名。請問一下何者正確,"1.為校出征原本是希望被做為代幣增強物,    2.對阿和而言，獎狀獎品是負增強物,    3.演講比賽的增強時制為不定時距,    4.對阿和而言，為校出征是撤離型懲罰,    ",0,
6890305,黃千芳,小紅帽每個月月初都會去奶奶家。奶奶因此每個月都會研究新的食譜，尤其是在小紅帽快要來的前幾天更是加緊練習，想讓小紅帽吃到最好吃的料理。奶奶的行為是因為何種增強時制導致？,"1.固定時距,    2.固定比例,    3.不定時距,    4.不定比例,    ",0,
6890401,黃千芳,小安是音樂才子，鋼琴吉他貝斯樣樣都通。有一次他的朋友問他：「你不會搞混要彈奏的樂譜嗎?」，小安回答：「不會耶，我都直接彈就上手了，都不用思考喔哈哈~」請問小安是怎麼記憶的?,"1.全靠天份的,    2.用語意記憶,    3.程序性記憶,    4.靠工作記憶,    ",3,程序性記憶
6890402,黃千芳,廣志在教小葵叫爸爸」，但小葵總是愛理不理的繼續玩自己的玩具。有一次廣志又在努力的時候，不小心踩到小新亂丟的玩具，痛得慘叫一聲「阿~~」，小葵聽到之後很開心的一直模仿廣志的慘叫。請問為什麼小葵一開始都愛理不理的?而後來模仿廣志得慘叫聲是屬於什麼記憶。,"1.因為訊息沒有被保留；語意記憶,    2.因為訊息沒有被注意；情節記憶,    3.因為訊息沒有被注意；語意記憶,    4.因為訊息沒有被保留；情節記憶,    ",2,注意、情節記憶
6890403,黃千芳,阿銘在打LOL的時候，媽媽叫他要曬衣服，阿銘隨意的應了一聲，就繼續玩電腦了。當媽媽回來看到衣服還在原位，大發雷霆。阿銘卻絲毫沒有印象媽媽有叫他曬衣服。請問這是因為訊息在何處就遺忘了?,"1.工作記憶,    2.感官收錄,    3.語意記憶,    4.程序性記憶,    ",2,感官收錄
6890404,黃千芳,如果老師想幫助學生學習，以下何者教學方法配對不正確?,"1.情節記憶：配合課程內容講相關的故事。,    2.語意記憶：應用諧音串連概念。,    3.新近效應：在剛開始上課的時講解重要的部分。,    4.吸引注意：用誇張的情緒來講解課程教材。,    ",3,情節記憶、程序性記憶、語意記憶、注意新近效應、初始效應
6890405,黃千芳,日山在數學課的時候都很認真上課，考試的成績也很不錯。但是當在計算買東西打折扣或是很多人要平均分錢的時候，他卻都留給別人或寧可按計算機來算。請問他所學的知識應該歸於何種分類?,"1.機械式學習,    2.有意義的學習,    3.程序性記憶,    4.惰性知識,    ",0,題目語意可以再清楚些
1520101,朱璟彤,請問下列的敘述何者正確？,"1.同化：當個體遇到新的刺激，既有的基模可以因應新的刺激，而不用建立新的基模。,    2.調適：當個體遇到新的刺激，既有的基模可以因應新的刺激，而不用建立新的基模。,    3.同化：當個體遇到新的刺激，既有的基模無法因應新的刺激，而需另建立新的基模。,    4.調適：當個體遇到新的刺激，既有的基模不能因應新的刺激，而不用建立新的基模。,    ",1,同化、調適
1520102,朱璟彤,"媽媽出了一道數學題給小明和小華，6+7=13，那13-7=？<br />
結果小華答不出來，但小明卻很快就答對了。請問小明和小華分別是幾歲，處於哪一個認知發展階段？","1.小明：9歲，具體運思期；小華：7歲，前運思期,    2.小明：7歲，前運思期；小華：9歲，具體運思期,    3.小明：8歲，前運思期；小華：9歲，具體運思期,    4.小明：9歲，具體運思期；小華：8歲，前運思期,    ",1,前運思期、具體運思期、可逆 
1520103,朱璟彤,"請問下列四個人是在哪一個認知發展階段？<br />
(甲)小明：我看到的球是黃色，所以你看到的球也一定是黃色的。<br />
(乙)小華：每次看到媽媽在準備食物，我都想看到底媽媽在做甚麼。<br />
(丙)小瑤：媽媽送給我大大小小的娃娃，我會把它們從小排到大整齊的放好。<br />
(丁)小琪：我能算出一元一次方程式，我很厲害吧。","1.(甲)感覺動作期(乙)前運思期(丙)形式運思期(丁)具體運思期,    2.(甲)前運思期(乙)感覺動作期(丙)具體運思期(丁)形式運思期,    3.(甲)感覺動作期(乙)前運思期(丙)形式運思期(丁)具體運思期,    4.(甲)前運思期(乙)感覺動作期(丙)具體運思期(丁)形式運思期,    ",0,"2,4都是正確答案"
1520104,朱璟彤,"(甲)今天小新和媽媽散步的路上看到了四隻腳在睡覺的動物，媽媽跟他說：「那是狗狗」，下次小新又看到了一隻四隻腳在睡覺的動物，就跟媽媽說：「那是一隻狗」，媽媽就對小明說：「沒錯，你好棒。」<br />
(乙)小英升上小學，很多事情都跟之前不一樣，像是沒有點心時間、上課要乖乖坐在座位上，不能移動等。雖然一開始很不習慣，但經過半年小英就能習慣這樣的生活。<br />
請問上述的情境分別是在皮亞傑認知發展理論的哪一個歷程？","1.(甲)調適(乙)同化,    2.(甲)同化(乙)同化,    3.(甲)同化(乙)調適,    4.(甲)調適(乙)調適,    ",3,同化、調適
1520105,朱璟彤,"今天是寧寧的4歲生日，在幼稚園時老師送他了一個四隻腳的布偶，老師跟他說：「這是一隻狗狗的布偶。」寧寧回家後，媽媽也送寧寧一個四隻腳的布偶，寧寧就跟媽媽說：「這是一隻狗狗的布偶！」媽媽就他說：「沒錯，你好棒喔！」<br />
請問寧寧是在皮亞傑認知發展的哪一個階段，以及在哪一個歷程？","1.前運思期，同化,    2.前運思期，調適,    3.具體運思期，同化,    4.具體運思期，調適,    ",1,同化、調適、前運思期
1520201,朱璟彤,"在課堂中，老師看到小明對於課堂練習中的一題數學題感到疑惑，就請小明的同學小華來幫助他。兩個人一起解數學題時，又發現有不懂的地方就去問老師，老師給予他們一些提示後，請他們再去想想看。最後他們兩人合力解決了這道題目，並獨自完成了剩下的題目。
請問下列敘述何者正確？","1.鷹架構築：小明跟小華獨自解數學題。,    2.鷹架構築：老師給予他們提示。,    3.鷹架拆除：兩個人一起解數學題。,    4.鷹架拆除：最後他們兩人合力解決了這道題目,    ",2,鷹架構築、鷹架撤除
1520202,朱璟彤,請問下列敘述何者正確？,"1.私自話語：教學者私下跟學習者提示如何解決問題。,    2.鷹架：藉由替學習者解決問題來提升學習者的學習能力。,    3.ZPD：指學習者有沒有能力獨力完成工作間的差距。,    4.合作學習：教學者與學習者合作一起解決問題。,    ",0,題意需要再更清楚些
1520203,朱璟彤,"(甲)有一天，阿新看到電視中他最喜歡的明星去老人安養中心當義工，他也下定決心以後也要去當義工、幫助人。
(乙)小雯看到哥哥因為說謊而被媽媽罵，從此她再也不敢跟媽媽撒謊了。
請問(甲)、(乙)分別為哪一種學習模式？","1.(甲)楷模學習；(乙)替代學習。,    2.(甲)楷模學習；(乙)楷模學習。,    3.(甲)替代學習；(乙)替代學習。,    4.(甲)替代學習；(乙)楷模學習。,    ",1,替代學習、楷模學習
1520204,朱璟彤,請問下列敘述何者正確？,"1.自我效能：與個人擁有的技能以及所擁有能力程度的自我判斷有關。,    2.後設認知：知道自己理解的狀態，並知道在什麼時候要用何種策略解決問題。,    3.自我增強：依照他人的標準來做判斷，並給予自我行為增強或懲罰。,    4.自我效能：自我效能低的人，如果失敗的話會認為是自己不夠努力。,    ",2,自我效能、後設認知、自我增強
1520205,朱璟彤,"阿光有一天回家看到爸爸在用木頭做板凳，覺得很新奇，就請爸爸教他如何用木頭做板凳。跟著爸爸不斷的練習，他終於能自獨立用木頭做出一張板凳。之後他就做了許多的木頭板凳送給他的好朋友。
請問下列關於觀察學習的歷程何者正確？","1.動機：看到爸爸在用木頭做板凳，覺得很新奇。,    2.保留：之後他就做了許多的木頭板凳送給他的好朋友。,    3.注意：跟著爸爸不斷的練習。,    4.再生：他終於能自獨立用木頭做出一張板凳。,    ",4,注意、保留、再生、動機
1520301,朱璟彤,老師跟班上的同學說：「如果大家這次的考試平均高於75分，那週末就可以不用寫作業。」請問老師是利用哪一種方法來督促同學？,"1.撤離型懲罰,    2.呈現型懲罰,    3.負增強,    4.正增強,    ",3,正增強、負增強
1520302,朱璟彤,"小小很喜歡訓練動物，總是訓練他們完成各式各樣的特技。
小小的訓練方法如下：
小狗：
當小小舉起手時，若是小狗會兩隻腳站立並轉圈時，小小就會給小狗一根骨頭。藉著這樣的訓練，之後每當小小舉起手時，狗狗就會做此動作。
綿羊：
當綿羊掉隊時，狗狗吠綿羊，綿羊就會害怕並回到羊群裡。小小就在每一次狗狗吠綿羊前吹口哨。之後只要小小吹口哨綿羊就會回到羊群裡。
請問小小分別用甚麼理論來訓練動物？","1.小狗：古典制約；綿羊：操作制約,    2.小狗：操作制約；綿羊：操作制約,    3.小狗：操作制約；綿羊：古典制約,    4.小狗：古典制約；綿羊：古典制約,    ",1,古點制約、操作制約
1520303,朱璟彤,熊熊這次的考試考得很不好，回家看到雙胞胎弟弟施施因為考試考得很好，媽媽就給他零用錢，施施很開心，也更努力複習功課希望下次也能考好。而熊熊很羨慕弟弟，加上後來又被媽媽罵，心裡更是難過，所以就去買一包糖果來安慰自己，下次要再加油。請問媽媽分別是用何種方法來管教兩兄弟，兩兄弟分別是屬於哪一種增強物？,"1.熊熊：呈現型懲罰，內在增強物；施施：正增強，外在增強物。,    2.熊熊：呈現型懲罰，內在增強物；施施：正增強，內在增強物。,    3.熊熊：撤離型懲罰，內在增強物；施施：負增強，外在增強物。,    4.熊熊：撤離型懲罰，內在增強物；施施：負增強，內在增強物。,    ",0,
1520304,朱璟彤,"今天桃桃在路上撿到錢，就把錢送到警察局去。媽媽知道以後，為了獎勵桃桃就帶他去吃大餐。希望桃桃能一直保持拾金不昧的態度。<br />
請問媽媽給予桃桃是哪一種增強物？","1.原級增強物,    2.社會增強物,    3.活動增強物,    4.代幣增強物,    ",,
1520305,朱璟彤,"(甲)老師為了鼓勵同學背單字因此就跟同學們說，每背十個單字小考就加一分，所以大家都開始努力背單字。
(乙)因為同學們都只有在段考前一週才開始讀書，雖然考試都考得不錯，但老師覺得這樣沒辦法區分平常就有在念書以及考前臨時抱佛腳的同學，因此在這次段考完後，老師就開始不定時的小考，希望能督促同學平常就要努力讀書。
請問上述的情況分別是哪一種增強的時機？","1.(甲)：固定比例；(乙)不定比例,    2.(甲)：固定時距；(乙)不定比例,    3.(甲)：固定時距；(乙)不定時距,    4.(甲)：固定比例；(乙)不定時距,    ",1,固定比例、不定比例、固定時距、不定時距
1520401,朱璟彤,"歷史老師為了幫助學生把艱澀的歷史記清楚，因此在上課時就編了一個故事，讓同學們方便記憶。 
請問老師是想利用哪一種的編碼方式幫助同學記憶？","1.語意記憶,    2.情節記憶,    3.程序記憶,    4.情境記憶,    ",2,語意記憶、情節記憶、程序記憶
1520402,朱璟彤,"小光之前是游泳校隊的，但因為受傷的緣故所以無法成為選手，因而頹廢不再游泳。等到小光長大後，迴響的以前的風光，想再去游泳。雖然很久沒游泳了，但下水後不久，就馬上找回當時的感覺。
請問是因為甚麼原因？","1.因為小光是用情節記憶，學後就很難忘記。,    2.因為小光是用情節記憶，可以記得最清楚。,    3.因為小光是用程序記憶，可以記得最清楚。4.因為小光是用程序記憶，學會後就很難忘記。",4,語意記憶、情節記憶、程序記憶
1520403,朱璟彤,"小奇：「小怪，你知道情節記憶、語意記憶和程序記憶的差別嗎？」 
小怪：「當然囉！(甲)就是跟操作有關，像是學習開車等，只要學會就很難忘記了。」 
小奇：「喔。原來如此，那關於我所學到的概念及事實，是用哪種記憶方式呢？」 
小怪：「喔喔，那是(乙)啦。還有最後一個，利用故事來記憶，並且記得最清楚的就是(丙)」 
小奇：「哇！你好厲害，謝謝你。」 
請問上述的(甲)、(乙)、(丙)分別為何者？","1.(甲)程序記憶、(乙)語意記憶、(丙)情節記憶,    2.(甲)程序記憶、(乙)情節記憶、(丙)語意記憶,    3.(甲)情節記憶、(乙)語意記憶、(丙)程序記憶,    4.(甲)情節記憶、(乙)程序記憶、(丙)語意記憶,    ",1,語意記憶、情節記憶、程序記憶
1520404,朱璟彤,"小家在上課時都會畫重點，回家複習功課時會繪製概念構圖，幫助自己能記得更清楚。 
請問小家在上課時及回家後分別是用哪種認知策略？","1.上課時：組織，回家後：回憶,    2.上課時：回憶，回家後：精緻化,    3.上課時：回憶，回家後：組織,    4.上課時：組織，回家後：精緻化,    ",2,回憶、組織
1520405,朱璟彤,"小平：「小安，你都甚麼方式讀書啊，(甲)我都有畫重點，但成績不見起色。」 
小安：「你那樣當然不夠阿，我都不只畫重點，(乙)還會在重點的地放加上自己的解釋，幫助我下次的複習。」 
小平：「那我也要這麼做，這樣我的成績就會突飛猛進了吧。」 
小安：「對阿，如果你想要成績更好的話，(丙)可以試試看用自己的話來解釋所學的內容，這樣更印象深刻喔！」 
小平：「好喔，那我這就去試試看！」 
請問上述的(甲)、(乙)、(丙)分別為何種認知策略？","1.(甲)組織、(乙)回憶、(丙)精緻化,    2.(甲)回憶、(乙)組織、(丙)精緻化,    3.(甲)回憶、(乙)精緻化、(丙)組織,    4.(甲)組織、(乙)精緻化、(丙)回憶,    ",2,回憶、組織、精緻化
